Id,SKU,Stock
39638174,V100771,
39638169,V100787,
39638162,V100782,
39638172,V100784,
39638167,V100774,
39638168,V100785,
39638163,V100786,
39638166,V100773,
39638164,756605,
39638171,756625,
39638175,756266,
39638170,756256,
39553116,B212A123,
39458030,100582,
39458031,100584,
39458032,100581,
39458033,100586,
39458034,100903,
39458038,B212A163-B,
39458039,A121A034,
39458040,A121A084,
39458041,B212A123,
39458044,B212A165-B,
39458045,B212A124,
39458046,B211A123,
39458051,DPHFIT60160,
39638173,K11101,
39458052,K11111,
39458053,K12500,
39458054,K13111,
39458055,K13121,
39458061,K13131,
39458065,K11143,
39458066,K11149,
39458068,K11155,
39458070,1710012,
39458089,1710015,
39458093,1710006,
39458094,1002163,
39458095,1003160,
39458096,1003161,
39458097,EHLPHILI050,
39458099,PETIT000002,
39458100,K11121,
39458101,K11131,
39458029,DPHMASUR132,
39458104,4.0005E+12,
39458105,4.0005E+12,
39458108,DPHMASNA083,
24858254,roy3375015,
24667617,COOLPET3,
24667614,VITSIL00004,
24858242,DPHMASDI028,
24858247,TRMCANCO001,
24858245,CHECLACM057,
24858256,CHECLACM056,
24858252,vtqalcki133,
24858241,dphfit60200,
24858238,coolpet1,
24858257,petit000004,
24858243,cheotiso034,
24858240,ehlkercm019,
24583944,100584,
24583949,100582,
24583936,100581,
24583935,B-DAC3273-12KG,
24583921,100586,
24583939,100897,
24583957,VTQALCKI134,
24583947,CHEENRCP025,
24583951,CHEENRCP026,
24583940,AGRMAS00057,
24583932,AGRMAS00060,
24583942,DPHMASDE027,
24583959,GABMASHE001,
24583928,hil61001660,
24583960,hil61002600,
24583952,cheoxtcm028,
24583938,pficercm018,
24583941,b-dac3273-02kg,
24583927,f2b200431k01800,
24583929,100585,
24583943,100776,
24583954,100777,
24583926,100778,
24583958,100404,
24583964,100583,
24583965,vtqdogpa097,
24583963,bayadvpe044,
24583962,ehlehlcm009,
24583961,roy2070020,
23412452,agrnatcm053,
23412453,roy5377015,
23412454,roy5376015,
23412450,hil61007000,
23412451,roy3653015,
23412456,roy0044725,
23412462,vtqalcki136,
23412448,dphmasme074,
23412444,vtqalcki135,
23412423,3apoq16mg,
23412413,3apoq54mg,
23412422,cevamas00002,
23412442,3apoq36mg,
23412421,cevamas00001,
23412449,vitsil00002,
23412432,gabmashe002,
23412415,cheotiso015,
23412417,gabmasgli04,
23412416,pficercm019,
23412420,dphmasdi029,
23412427,dphmasde232,
23412430,checipof006,
23412434,dphmastr131,
23412425,dphmaspe093,
23412412,dphmasit148,
23412418,dphmasot243,
23412431,dphmascl020,
23412447,roy00044785,
23412437,dphmasha054,
23412419,dphmasme251,
23412441,chesucin048,
21147112,100903,
21147044,100147,
21147037,100146,
21147031,100417,
21147023,100416,
21147002,100402,
21146989,100401,
21146980,100144,
21146944,100143,
21146929,100130,
21146916,100129,
21146913,100136,
21146901,100135,
21146897,100898,
21146888,100901,
21146883,100906,
21146665,100408,
21146660,100407,
21146659,100411,
21146656,100410,
21146655,PWBIOBAG16,
21146055,1002512,
21146052,1000897,
21146050,1000775,
21146048,1000774,
21146002,CEVAMAS00004,
21146000,PWBIOBAGDIS,
21145995,756246,
21145992,756206,
21145991,756146,
21145989,756106,
21145985,B-DAC3263-12KG,
21145976,ROY00BW14W,
21145972,ROY00AK05Y,
21145970,ROY00CC64P,
21145964,B-DAC3271-12KG,
21145963,1710091,
21145961,1710015,
21145959,1710012,
21145956,1710006,
19035784,DPHMASDO037,
19035782,DPHMASDO036,
19035773,VEGABOHM6804,
18868155,F2B200631K04500,
18868154,F2B200631K01800,
18868148,B-DAT3010-35G,
18868102,PFIAPOCM043,
18868100,PFIAPOCM042,
18868092,PFIAPOCM044,
18868096,DPHMASGA053,
18868085,VEGABFAD3207,
18868076,HIL61001661,
18868074,VEGABCAD5909,
18868061,VEGABCAD0426,
15710548,B-DAC3255-12KG,
15116774,B-DAC3255-06KG,
15116766,B-DAC3261-12KG,
15116763,B-DAC3261-06KG,
15116760,B-DAC3261-02KG,
15116747,B-DAC2273-12,
15116746,B-DAC2273-06,
15116743,B-DAC2273-02,
15116742,B-DAC2271-12,
15116739,B-DAC2271-06,
15116737,B-DAC2271-02,
15116736,B-CAC3110-05,
15116733,B-CAC3110-02,
15116732,B-CAC3100-05,
15116730,B-CAC3100-02,
15116415,VTQMALPA034,
15116411,VTQGELDE101,
15116406,VTQDOGPA079,
15116405,VTQDOGPA078,
15116402,CHEFLOJE054,
15116400,BAYADVPE045,
15116397,BAYADVGA041,
15116391,BAYADVGA040,
13737455,CA-04S-01,
13737490,DA-02S-01,
13737487,DB-16,
13737483,MA-04S,
13737480,FA-31,
13737477,VA-01H,
13737458,DA-02S,
13737469,LA-03S,
13407285,CENPEDSP017,
12167503,CENPEDSP022,
11938848,DPHFIT00920,
12167508,ROY3683015,
7181144,CEVAMAS00003,
6919101,CEVAMAS00009,
6919100,CEVAMAS00010,
6919102,CEVAMAS00011,
6919112,ROY5801015,
6919099,CEVAMAS00007,
6919113,ROY5101105,
6919098,CEVAMAS00008,
6919114,ROY3673015,
17365,CEVCORAL022,
17594,CEVCORAL023,
17908,CEVACC00029,
17215,PFIREVPI054,
17648,PFIREVPI055,
17784,PROMAS00006,
17812,AGRARTCM043,
17466,ANAMAS00055,
17810,LUDMAS00003,
17208,LUDMAS00007,
17796,LUDMAS00008,
17406,LUDMAS00010,
17879,LUDMAS00011,
17801,LUDMAS00012,
17863,LUDMAS00014,
17815,LUDMAS00015,
17870,LUDMAS00016,
17723,LUDMAS00017,
17921,LUDMAS00024,
17145,LUDMAS00025,
17577,LUDMAS00026,
17730,LUDMAS00027,
17096,LUDMAS00028,
17232,LUDMAS00029,
17450,INTBRACM034,
17862,INTBRACM035,
17803,INTBRACM036,
17395,HILL21002002,
17226,HILL21002003,
17103,HILL21002024,
17449,HILL21002017,
17380,HILL21002057,
17555,DPHFIT60220,
17120,DPHFIT60180,
17817,DPHFIT60100,
17649,DPHFIT60140,
17544,DPHFIT00450,
17140,DPHFIT06000,
17837,DPHFIT05500,
17397,DPHFIT05000,
17702,DPHFIT04000,
17713,PFISIMCM040,
17442,PFISIMCM049,
17147,PFISIMCM036,
17756,PFISIMCM045,
17433,PFISIMCM039,
17851,PFISIMCM048,
17475,PFISIMCM038,
17919,PFISIMCM047,
17479,PFISIMCM041,
17434,PFISIMCM050,
17443,PFISIMCM037,
17393,PFISIMCM046,
17598,PFISYNCM010,
17755,PFIRIMCM008,
17427,PFIRIMCM023,
17609,PFIRIMCM007,
17528,PFIREVPI035,
17875,PFIREVPI030,
17741,PFIREVPI022,
17911,PFIREVPI021,
17248,PFIREVPI020,
17850,PFIREVPI025,
17464,VTQSPRDE102,
17200,VTQOFTSO017,
17356,VTQLAVTA011,
17508,VTQLAVCA010,
17485,VTQCALTR101,
17418,VTQCALTA095,
17166,VTQCALCO098,
17617,VTQCALPI086,
17933,VTQCALPI087,
17223,VTQCALCO094,
17871,VTQCALCO093,
17665,ROY2057015,
17160,ROY5430025,
17732,ROY5437010,
17689,ROY5201025,
17695,ROY5101205,
17398,ROY5901020,
17463,ROY5600015,
17113,ROY3653015,
17144,INTBRACM026,
17616,INTBRACM025,
17785,INTBRACM024,
17486,INTBRACM028,
17591,INTBRACM027,
17556,KIMBOD00011,
17400,KIMBOD00010,
17861,KIMBOD00009,
17437,KIMBOD00008,
17392,KIMBOD00007,
17384,KIMBOD00006,
17592,KIMBOD00005,
17436,KIMBOD00004,
17694,KIMBOD00015,
17857,KIMBOD00014,
17764,KIMBOD00013,
17786,KIMBOD00012,
17611,KIMBOD00003,
17624,KIMBOD00001,
17820,KIMBOD00002,
17881,DPHMASSU143,
17748,DPHMASSU142,
17412,DPHMASSU127,
17401,DPHMASSU126,
17584,DPHMASSK245,
17164,DPHMASSK107,
17188,DPHMASSI246,
17167,DPHMASSE242,
17202,DPHMASSE247,
17913,DPHMASRO102,
17724,DPHMASRO101,
17552,DPHMASRE099,
17379,DPHMASPE095,
17423,DPHMASPE200,
17131,DPHMASPA092,
17213,DPHMASPA205,
17181,DPHMASPA087,
17775,DPHMASPA090,
17896,DPHMASNA082,
17451,DPHMASMI075,
17187,DPHMASMI076,
17178,DPHMASSI147,
17916,DPHMASMA073,
17929,DPHMASMA072,
17894,DPHMASMA071,
17661,DPHMASSI146,
17228,DPHMASFL049,
17807,DPHMASDO033,
17456,DPHMASDO031,
17480,DPHMASDO032,
17824,DPHMASCO024,
17619,DPHMASBI006,
17476,CEVJERTA021,
17788,EHLNUTPE169,
17471,EHLNUTGA168,
17768,EHLALLCA048,
17749,SPANEXTA048,
17826,SPANEXTA043,
17404,SPANEXTA050,
17886,SPANEXTA045,
17163,SPANEXTA047,
17854,SPANEXTA042,
17580,SPANEXTA046,
17238,SPANEXTA041,
17211,SPANEXTA049,
17484,SPANEXTA044,
17586,BAY80339942,
17183,BAY81408662,
17585,BAYADVGA007,
17197,BAYADVGA031,
17704,ANAMAS00025,
17897,ANAMAS00024,
17731,ANAMAS00031,
17787,ANAMAS00021,
17625,ANAMAS00013,
17618,ANAMAS00042,
17776,ANAMAS00005,
17843,ANAMAS00035,
17779,ANAMAS00044,
17198,ANAMAS00048,
17838,ANAMAS00047,
17800,ANAMAS00046,
17589,ANAMAS00045,
17816,ANAMAS00041,
17745,ANAMAS00004,
17931,ANAMAS00003,
17227,CHELABTE041,
